Decade,Avg_Volatility
1960,0.02891400974300858
1970,0.04296851391112318
1980,0.05303640633508677
1990,0.04738756281208063
2000,0.06435202563590743
2010,0.058770269413439255
2020,0.064765486615968
